Title,Price,Date
Funny Got Data MIS Data Systems Business Analyst T-Shirt                  ,16.99,2022-05-08
Funny Got Data MIS Data Systems Business Analyst T-Shirt                  ,16.99,2022-05-08
Funny Got Data MIS Data Systems Business Analyst T-Shirt                  ,16.99,2022-05-08
Funny Got Data MIS Data Systems Business Analyst T-Shirt                  ,16.99,2022-05-08
Funny Got Data MIS Data Systems Business Analyst T-Shirt                  ,16.99,2022-05-08
Funny Got Data MIS Data Systems Business Analyst T-Shirt                  ,16.99,2022-05-08
Funny Got Data MIS Data Systems Business Analyst T-Shirt                  ,16.99,2022-05-08
Funny Got Data MIS Data Systems Business Analyst T-Shirt                  ,16.99,2022-05-11
Funny Got Data MIS Data Systems Business Analyst T-Shirt                  ,16.99,2022-05-11
Funny Got Data MIS Data Systems Business Analyst T-Shirt                  ,16.99,2022-05-11
Funny Got Data MIS Data Systems Business Analyst T-Shirt                  ,16.99,2022-05-11
